{
  "user_wants_placement_percentage": {
    "precision": 1.0,
    "recall": 1.0,
    "f1-score": 1.0,
    "support": 12,
    "confused_with": {}
  },
  "user_submitted_usn": {
    "precision": 1.0,
    "recall": 1.0,
    "f1-score": 1.0,
    "support": 14,
    "confused_with": {}
  },
  "user_wants_courses_available": {
    "precision": 0.9090909090909091,
    "recall": 0.9090909090909091,
    "f1-score": 0.9090909090909091,
    "support": 11,
    "confused_with": {
      "affirm": 1
    }
  },
  "bye": {
    "precision": 0.8409090909090909,
    "recall": 0.7551020408163265,
    "f1-score": 0.7956989247311828,
    "support": 49,
    "confused_with": {
      "affirm": 5,
      "mood_unhappy": 4
    }
  },
  "deny": {
    "precision": 0.8269230769230769,
    "recall": 0.8958333333333334,
    "f1-score": 0.86,
    "support": 96,
    "confused_with": {
      "mood_unhappy": 3,
      "canthelp": 3
    }
  },
  "thank": {
    "precision": 0.8837209302325582,
    "recall": 0.9743589743589743,
    "f1-score": 0.9268292682926831,
    "support": 39,
    "confused_with": {
      "affirm": 1
    }
  },
  "greet": {
    "precision": 0.9090909090909091,
    "recall": 0.9154929577464789,
    "f1-score": 0.9122807017543859,
    "support": 142,
    "confused_with": {
      "affirm": 5,
      "mood_unhappy": 3
    }
  },
  "mood_great": {
    "precision": 0.3333333333333333,
    "recall": 0.4666666666666667,
    "f1-score": 0.3888888888888889,
    "support": 15,
    "confused_with": {
      "affirm": 6,
      "mood_unhappy": 2
    }
  },
  "affirm": {
    "precision": 0.8714859437751004,
    "recall": 0.8007380073800738,
    "f1-score": 0.8346153846153845,
    "support": 271,
    "confused_with": {
      "mood_unhappy": 11,
      "mood_great": 11
    }
  },
  "canthelp": {
    "precision": 0.5666666666666667,
    "recall": 0.68,
    "f1-score": 0.6181818181818183,
    "support": 25,
    "confused_with": {
      "affirm": 4,
      "deny": 3
    }
  },
  "user_submitted_password": {
    "precision": 1.0,
    "recall": 0.5714285714285714,
    "f1-score": 0.7272727272727273,
    "support": 14,
    "confused_with": {
      "bye": 2,
      "affirm": 2
    }
  },
  "user_wants_utter_clg_details": {
    "precision": 0.9090909090909091,
    "recall": 1.0,
    "f1-score": 0.9523809523809523,
    "support": 10,
    "confused_with": {}
  },
  "mood_unhappy": {
    "precision": 0.6229508196721312,
    "recall": 0.7169811320754716,
    "f1-score": 0.6666666666666666,
    "support": 53,
    "confused_with": {
      "affirm": 6,
      "deny": 5
    }
  },
  "accuracy": 0.8308921438082557,
  "macro avg": {
    "precision": 0.8210201991372834,
    "recall": 0.8219763532997543,
    "f1-score": 0.8147620186058153,
    "support": 751
  },
  "weighted avg": {
    "precision": 0.8410011267275508,
    "recall": 0.8308921438082557,
    "f1-score": 0.8332184520399127,
    "support": 751
  }
}