{
  "user_wants_to_check_marks": {
    "precision": 1.0,
    "recall": 1.0,
    "f1-score": 1.0,
    "support": 9,
    "confused_with": {}
  },
  "user_submitted_usn": {
    "precision": 1.0,
    "recall": 1.0,
    "f1-score": 1.0,
    "support": 14,
    "confused_with": {}
  },
  "affirm": {
    "precision": 0.78099173553719,
    "recall": 0.84,
    "f1-score": 0.8094218415417559,
    "support": 225,
    "confused_with": {
      "mood_great": 9,
      "react_positive": 4
    }
  },
  "user_submitted_password": {
    "precision": 0.0,
    "recall": 0.0,
    "f1-score": 0.0,
    "support": 14,
    "confused_with": {
      "affirm": 8,
      "deny": 3,
      "mood_unhappy": 1
    }
  },
  "next_step": {
    "precision": 0.9333333333333333,
    "recall": 0.9333333333333333,
    "f1-score": 0.9333333333333333,
    "support": 15,
    "confused_with": {
      "affirm": 1
    }
  },
  "mood_great": {
    "precision": 0.2777777777777778,
    "recall": 0.35714285714285715,
    "f1-score": 0.31250000000000006,
    "support": 14,
    "confused_with": {
      "affirm": 5,
      "react_positive": 2
    }
  },
  "canthelp": {
    "precision": 0.7407407407407407,
    "recall": 0.7692307692307693,
    "f1-score": 0.7547169811320754,
    "support": 26,
    "confused_with": {
      "deny": 3,
      "affirm": 2
    }
  },
  "react_positive": {
    "precision": 0.7230769230769231,
    "recall": 0.7580645161290323,
    "f1-score": 0.7401574803149606,
    "support": 62,
    "confused_with": {
      "affirm": 7,
      "mood_unhappy": 2
    }
  },
  "user_wants_to_check_attendance": {
    "precision": 1.0,
    "recall": 1.0,
    "f1-score": 1.0,
    "support": 9,
    "confused_with": {}
  },
  "explain": {
    "precision": 0.65,
    "recall": 0.8125,
    "f1-score": 0.7222222222222223,
    "support": 16,
    "confused_with": {
      "affirm": 2,
      "react_positive": 1
    }
  },
  "bye": {
    "precision": 0.8837209302325582,
    "recall": 0.7755102040816326,
    "f1-score": 0.826086956521739,
    "support": 49,
    "confused_with": {
      "affirm": 5,
      "react_positive": 2
    }
  },
  "mood_unhappy": {
    "precision": 0.7,
    "recall": 0.625,
    "f1-score": 0.6603773584905661,
    "support": 56,
    "confused_with": {
      "deny": 7,
      "react_positive": 6
    }
  },
  "thank": {
    "precision": 0.9487179487179487,
    "recall": 0.9487179487179487,
    "f1-score": 0.9487179487179487,
    "support": 39,
    "confused_with": {
      "affirm": 2
    }
  },
  "greet": {
    "precision": 0.9485294117647058,
    "recall": 0.8775510204081632,
    "f1-score": 0.9116607773851589,
    "support": 147,
    "confused_with": {
      "affirm": 11,
      "react_positive": 2
    }
  },
  "deny": {
    "precision": 0.8113207547169812,
    "recall": 0.8686868686868687,
    "f1-score": 0.8390243902439025,
    "support": 99,
    "confused_with": {
      "mood_unhappy": 4,
      "affirm": 4
    }
  },
  "accuracy": 0.8123425692695214,
  "macro avg": {
    "precision": 0.7598806370598773,
    "recall": 0.771049167848707,
    "f1-score": 0.7638812859935774,
    "support": 794
  },
  "weighted avg": {
    "precision": 0.8052379870309488,
    "recall": 0.8123425692695214,
    "f1-score": 0.8074305000582038,
    "support": 794
  }
}